Workbook

Sheet Общие итоги
A1: Месяц | B1: 2026 — все источники | C1: 2026 — входящие+маркетинг | D1: 2025 — входящие+маркетинг | E1: Статус 2026
A2: Январь | B2: 90 | C2: 47 | D2: 24 | E2: Согласованный итог
A3: Февраль | B3: 120 | C3: 59 | D3: 110 | E3: Согласованный итог
A4: Март | B4: 154 | C4: 100 | D4: 67 | E4: Согласованный итог
A5: Апрель | B5: 110 | C5: 81 | D5: 151 | E5: Согласованный итог
A6: Май | B6: 138 | C6: 92 | D6: 81 | E6: Согласованный итог
A7: Июнь | B7: 176 | C7: 134 | D7: 60 | E7: Согласованный итог
A8: Июль | B8: 212 | C8: 134 | D8: 95 | E8: Согласованный итог
A9: Август | B9: 149 | C9: 95 | D9: 83 | E9: Согласованный итог
A10: Сентябрь | B10: 185 | C10: 145 | D10: 89 | E10: Согласованный итог
A11: Октябрь | B11: 120 | C11: 100 | D11: 156 | E11: Сценарный прогноз
A12: Ноябрь | B12: 100 | C12: 79 | D12: 79 | E12: Сценарный прогноз
A13: Декабрь | B13: 110 | C13: 88 | D13: 88 | E13: Сценарный прогноз
A14: Январь–сентябрь | B14: =SUM(B2:B10) | C14: =SUM(C2:C10) | D14: =SUM(D2:D10) | E14: Без прогноза

Sheet BU — расчёт
A1: Месяц | B1: HR — все | C1: HR — вход+марк | D1: IT — все | E1: IT — вход+марк | F1: Trade — все | G1: Trade — вход+марк | H1: Industrial — все | I1: Industrial — вход+марк | J1: Итого — все | K1: Итого — вход+марк
A2: Январь | B2: 68 | C2: 32 | D2: 14 | E2: 10 | F2: 5 | G2: 3 | H2: 3 | I2: 2 | J2: =SUM(B2,D2,F2,H2) | K2: =SUM(C2,E2,G2,I2)
A3: Февраль | B3: 103 | C3: 51 | D3: 6 | E3: 4 | F3: 7 | G3: 2 | H3: 4 | I3: 2 | J3: =SUM(B3,D3,F3,H3) | K3: =SUM(C3,E3,G3,I3)
A4: Март | B4: 104 | C4: 68 | D4: 46 | E4: 32 | F4: 3 | G4: 0 | H4: 1 | I4: 0 | J4: =SUM(B4,D4,F4,H4) | K4: =SUM(C4,E4,G4,I4)
A5: Апрель | B5: 83 | C5: 62 | D5: 19 | E5: 14 | F5: 8 | G5: 5 | H5: 0 | I5: 0 | J5: =SUM(B5,D5,F5,H5) | K5: =SUM(C5,E5,G5,I5)
A6: Май | B6: 93 | C6: 70 | D6: 40 | E6: 18 | F6: 5 | G6: 4 | H6: 0 | I6: 0 | J6: =SUM(B6,D6,F6,H6) | K6: =SUM(C6,E6,G6,I6)
A7: Июнь | B7: 154 | C7: 116 | D7: 19 | E7: 16 | F7: 2 | G7: 1 | H7: 1 | I7: 1 | J7: =SUM(B7,D7,F7,H7) | K7: =SUM(C7,E7,G7,I7)
A8: Июль | B8: 187 | C8: 120 | D8: 18 | E8: 8 | F8: 6 | G8: 5 | H8: 1 | I8: 1 | J8: =SUM(B8,D8,F8,H8) | K8: =SUM(C8,E8,G8,I8)
A9: Август | B9: 111 | C9: 79 | D9: 13 | E9: 3 | F9: 11 | G9: 3 | H9: 14 | I9: 10 | J9: =SUM(B9,D9,F9,H9) | K9: =SUM(C9,E9,G9,I9)
A10: Сентябрь | B10: 141 | C10: 113 | D10: 32 | E10: 28 | F10: 10 | G10: 4 | H10: 2 | I10: 0 | J10: =SUM(B10,D10,F10,H10) | K10: =SUM(C10,E10,G10,I10)
A11: ИТОГО | B11: =SUM(B2:B10) | C11: =SUM(C2:C10) | D11: =SUM(D2:D10) | E11: =SUM(E2:E10) | F11: =SUM(F2:F10) | G11: =SUM(G2:G10) | H11: =SUM(H2:H10) | I11: =SUM(I2:I10) | ... K11: =SUM(K2:K10)

Sheet Сверка
A1: Месяц | B1: BU — все | C1: Общий — все | D1: Разница | E1: BU — вход+марк | F1: Общий — вход+марк | G1: Разница | H1: Проверка вложенности
A2: Январь | B2: ='BU — расчёт'!J2 | C2: ='Общие итоги'!B2 | D2: =B2-C2 | E2: ='BU — расчёт'!K2 | F2: ='Общие итоги'!C2 | G2: =E2-F2 | H2: =IF(AND('BU — расчёт'!C2<='BU — расчёт'!B2,'BU — расчёт'!E2<='BU — расчёт'!D2,'BU — расчёт'!G2<='BU — расчёт'!F2,'BU — расчёт'!I2<='BU — расчёт'!H2),"ОК","ОШИБКА")
A3: Февраль | B3: ='BU — расчёт'!J3 | C3: ='Общие итоги'!B3 | D3: =B3-C3 | E3: ='BU — расчёт'!K3 | F3: ='Общие итоги'!C3 | G3: =E3-F3 | H3: =IF(AND('BU — расчёт'!C3<='BU — расчёт'!B3,'BU — расчёт'!E3<='BU — расчёт'!D3,'BU — расчёт'!G3<='BU — расчёт'!F3,'BU — расчёт'!I3<='BU — расчёт'!H3),"ОК","ОШИБКА")
A4: Март | B4: ='BU — расчёт'!J4 | C4: ='Общие итоги'!B4 | D4: =B4-C4 | E4: ='BU — расчёт'!K4 | F4: ='Общие итоги'!C4 | G4: =E4-F4 | H4: =IF(AND('BU — расчёт'!C4<='BU — расчёт'!B4,'BU — расчёт'!E4<='BU — расчёт'!D4,'BU — расчёт'!G4<='BU — расчёт'!F4,'BU — расчёт'!I4<='BU — расчёт'!H4),"ОК","ОШИБКА")
A5: Апрель | B5: ='BU — расчёт'!J5 | C5: ='Общие итоги'!B5 | D5: =B5-C5 | E5: ='BU — расчёт'!K5 | F5: ='Общие итоги'!C5 | G5: =E5-F5 | H5: =IF(AND('BU — расчёт'!C5<='BU — расчёт'!B5,'BU — расчёт'!E5<='BU — расчёт'!D5,'BU — расчёт'!G5<='BU — расчёт'!F5,'BU — расчёт'!I5<='BU — расчёт'!H5),"ОК","ОШИБКА")
A6: Май | B6: ='BU — расчёт'!J6 | C6: ='Общие итоги'!B6 | D6: =B6-C6 | E6: ='BU — расчёт'!K6 | F6: ='Общие итоги'!C6 | G6: =E6-F6 | H6: =IF(AND('BU — расчёт'!C6<='BU — расчёт'!B6,'BU — расчёт'!E6<='BU — расчёт'!D6,'BU — расчёт'!G6<='BU — расчёт'!F6,'BU — расчёт'!I6<='BU — расчёт'!H6),"ОК","ОШИБКА")
A7: Июнь | B7: ='BU — расчёт'!J7 | C7: ='Общие итоги'!B7 | D7: =B7-C7 | E7: ='BU — расчёт'!K7 | F7: ='Общие итоги'!C7 | G7: =E7-F7 | H7: =IF(AND('BU — расчёт'!C7<='BU — расчёт'!B7,'BU — расчёт'!E7<='BU — расчёт'!D7,'BU — расчёт'!G7<='BU — расчёт'!F7,'BU — расчёт'!I7<='BU — расчёт'!H7),"ОК","ОШИБКА")
A8: Июль | B8: ='BU — расчёт'!J8 | C8: ='Общие итоги'!B8 | D8: =B8-C8 | E8: ='BU — расчёт'!K8 | F8: ='Общие итоги'!C8 | G8: =E8-F8 | H8: =IF(AND('BU — расчёт'!C8<='BU — расчёт'!B8,'BU — расчёт'!E8<='BU — расчёт'!D8,'BU — расчёт'!G8<='BU — расчёт'!F8,'BU — расчёт'!I8<='BU — расчёт'!H8),"ОК","ОШИБКА")
A9: Август | B9: ='BU — расчёт'!J9 | C9: ='Общие итоги'!B9 | D9: =B9-C9 | E9: ='BU — расчёт'!K9 | F9: ='Общие итоги'!C9 | G9: =E9-F9 | H9: =IF(AND('BU — расчёт'!C9<='BU — расчёт'!B9,'BU — расчёт'!E9<='BU — расчёт'!D9,'BU — расчёт'!G9<='BU — расчёт'!F9,'BU — расчёт'!I9<='BU — расчёт'!H9),"ОК","ОШИБКА")
A10: Сентябрь | B10: ='BU — расчёт'!J10 | C10: ='Общие итоги'!B10 | D10: =B10-C10 | E10: ='BU — расчёт'!K10 | F10: ='Общие итоги'!C10 | G10: =E10-F10 | H10: =IF(AND('BU — расчёт'!C10<='BU — расчёт'!B10,'BU — расчёт'!E10<='BU — расчёт'!D10,'BU — расчёт'!G10<='BU — расчёт'!F10,'BU — расчёт'!I10<='BU — расчёт'!H10),"ОК","ОШИБКА")

Sheet III квартал
A1: Показатель | B1: Значение | C1: Расшифровка
A2: Все источники | B2: =SUM('Общие итоги'!B8:B10) | C2: Июль–сентябрь 2026
A3: Входящие+маркетинг | B3: =SUM('Общие итоги'!C8:C10) | C3: 134 + 95 + 145 = 374
A4: Входящие+маркетинг 2025 | B4: =SUM('Общие итоги'!D8:D10) | C4: 95 + 83 + 89 = 267
A5: Рост к 2025 | B5: =B3/B4-1 | C5: Показывается с округлением: +40%
A6: BU | B6: Входящие+маркетинг | C6: Все источники
A7: HR Service | B7: =SUM('BU — расчёт'!C8:C10) | C7: =SUM('BU — расчёт'!B8:B10)
A8: IT | B8: =SUM('BU — расчёт'!E8:E10) | C8: =SUM('BU — расчёт'!D8:D10)
A9: Trade | B9: =SUM('BU — расчёт'!G8:G10) | C9: =SUM('BU — расчёт'!F8:F10)
A10: Industrial | B10: =SUM('BU — расчёт'!I8:I10) | C10: =SUM('BU — расчёт'!H8:H10)
A11: Итого BU | B11: =SUM(B7:B10) | C11: =SUM(C7:C10)
A12: Разница с общим | B12: =B11-B3 | C12: =C11-B2

Sheet Основа CRM
A1: Месяц | B1: BU | C1: Все: Excel | D1: Все: после поправки Trade | E1: Вход+марк: Excel | F1: Все: расчёт | G1: Вход+марк: расчёт
A2: Январь | B2: HR Service | C2: 60 | D2: 60 | E2: 36 | F2: 68 | G2: 32
A3: Январь | B3: IT | C3: 12 | D3: 12 | E3: 11 | F3: 14 | G3: 10
A4: Январь | B4: Trade | C4: 4 | D4: 4 | E4: 3 | F4: 5 | G4: 3
A5: Январь | B5: Industrial | C5: 3 | D5: 3 | E5: 3 | F5: 3 | G5: 2
A6: Февраль | B6: HR Service | C6: 84 | D6: 84 | E6: 56 | F6: 103 | G6: 51
A7: Февраль | B7: IT | C7: 5 | D7: 5 | E7: 4 | F7: 6 | G7: 4
A8: Февраль | B8: Trade | C8: 6 | D8: 6 | E8: 2 | F8: 7 | G8: 2
A9: Февраль | B9: Industrial | C9: 3 | D9: 3 | E9: 2 | F9: 4 | G9: 2
A10: Март | B10: HR Service | C10: 96 | D10: 96 | E10: 75 | F10: 104 | G10: 68
A11: Март | B11: IT | C11: 42 | D11: 42 | E11: 35 | F11: 46 | G11: 32
A12: Март | B12: Trade | C12: 3 | D12: 3 | E12: 0 | F12: 3 | G12: 0
A13: Март | B13: Industrial | C13: 1 | D13: 1 | E13: 0 | F13: 1 | G13: 0
... A37: Сентябрь | B37: Industrial | C37: 2 | D37: 2 | E37: 0 | F37: 2 | G37: 0

Sheet Методика и изменения
A1: Блок | B1: Правило / источник
A2: Контрольные значения 2026 | B2: Общие итоги взяты из согласованного пользователем второго графика. Это не повторный подсчёт всех строк CRM. Исключение: июль входящие+маркетинг исправлен 145 → 134 по Excel.
A3: Корректировка июля | B3: Лист ЛИДЫ ИЮЛЬ, 4 BU, источники Входящий запрос и Маркетинговая активность: HR 121 + IT 8 + Trade 4 + Industrial 1 = 134. Итог III квартала 374.
A4: Расчёт BU | B4: Все источники: контрольный итог распределён пропорционально исходным долям четырёх BU в одноимённом месячном листе. Июль: Trade фиксирован 6, остаток распределён между тремя другими BU. Входящие+маркетинг: отдельное пропорциональное распределение по долям этой категории с ограничением не выше общего числа лидов BU. Округление методом наибольших остатков, порядок при равенстве: HR Service, IT, Trade, Industrial. Все исходные нулевые доли сохраняются. После пропорционального округления применена согласованная поправка Trade +1 и HR Services −1 в каждом месяце III квартала.
A5: Trade | B5: Все источники в июле — строго 6. Исходное значение Excel — 58, поправка пользователя — минус 52.
A6: 2025 | B6: Лист тотал: B21 = 2025, B22:B33 — помесячный ряд входящие+маркетинг без Go!. III квартал: 95 + 83 + 89 = 267.
A7: Рост | B7: 374 / 267 − 1 = 40,0749%; для изображения округлено до +40%.
A8: Прогноз | B8: Октябрь–декабрь: все источники 120 / 100 / 110; входящие+маркетинг 100 / 79 / 88. Сценарные значения сохранены из предыдущего согласованного графика. Это не ряд 2025 и не часть итога января–сентября.
A9: Охват | B9: В расчётной разбивке весь согласованный контроль распределён на 4 BU. Нет утверждения, что это буквальные значения BU в CRM. В исходных листах Excel есть GO и расхождения с контрольными итогами.
A10: Проверки | B10: Сумма BU совпадает с общим рядом каждый месяц; входящие+маркетинг не превышают все источники; квартальные показатели и круговая диаграмма формируются из той же таблицы.
A11: Сделки | B11: Показатели сделок не пересчитывались: эти два изображения относятся к лидам.
A12: Увеличение Trade | B12: По дополнительной просьбе пользователя ряд Trade «входящие+маркетинг» в июле/августе/сентябре увеличен на 1: 4/2/3 → 5/3/4. Для сохранения контрольных итогов в те же месяцы HR Services уменьшен на 1: 121/80/114 → 120/79/113. Это ручная корректировка расчётной разбивки, а не изменение фактических записей CRM.

Sheet Редактируемые графики
