Workbook

Sheet Расчёт BU
A1: Месяц | B1: HR Services — все | C1: HR Services — вход+марк | D1: IT — все | E1: IT — вход+марк | F1: Trade — все | G1: Trade — вход+марк | H1: Industrial — все | I1: Industrial — вход+марк | J1: Итого — все | K1: Итого — вход+марк
A2: ЯНВАРЬ | B2: 68 | C2: 32 | D2: 14 | E2: 10 | F2: 5 | G2: 3 | H2: 3 | I2: 2 | J2: =SUM(B2,D2,F2,H2) | K2: =SUM(C2,E2,G2,I2)
A3: ФЕВРАЛЬ | B3: 103 | C3: 51 | D3: 6 | E3: 4 | F3: 7 | G3: 2 | H3: 4 | I3: 2 | J3: =SUM(B3,D3,F3,H3) | K3: =SUM(C3,E3,G3,I3)
A4: МАРТ | B4: 104 | C4: 68 | D4: 46 | E4: 32 | F4: 3 | G4: 0 | H4: 1 | I4: 0 | J4: =SUM(B4,D4,F4,H4) | K4: =SUM(C4,E4,G4,I4)
A5: АПРЕЛЬ | B5: 83 | C5: 62 | D5: 19 | E5: 14 | F5: 8 | G5: 5 | H5: 0 | I5: 0 | J5: =SUM(B5,D5,F5,H5) | K5: =SUM(C5,E5,G5,I5)
A6: МАЙ | B6: 93 | C6: 70 | D6: 40 | E6: 18 | F6: 5 | G6: 4 | H6: 0 | I6: 0 | J6: =SUM(B6,D6,F6,H6) | K6: =SUM(C6,E6,G6,I6)
A7: ИЮНЬ | B7: 154 | C7: 116 | D7: 19 | E7: 16 | F7: 2 | G7: 1 | H7: 1 | I7: 1 | J7: =SUM(B7,D7,F7,H7) | K7: =SUM(C7,E7,G7,I7)
A8: ИЮЛЬ | B8: 187 | C8: 131 | D8: 18 | E8: 9 | F8: 6 | G8: 4 | H8: 1 | I8: 1 | J8: =SUM(B8,D8,F8,H8) | K8: =SUM(C8,E8,G8,I8)
A9: АВГУСТ | B9: 111 | C9: 80 | D9: 13 | E9: 3 | F9: 11 | G9: 2 | H9: 14 | I9: 10 | J9: =SUM(B9,D9,F9,H9) | K9: =SUM(C9,E9,G9,I9)
A10: СЕНТЯБРЬ | B10: 141 | C10: 114 | D10: 32 | E10: 28 | F10: 10 | G10: 3 | H10: 2 | I10: 0 | J10: =SUM(B10,D10,F10,H10) | K10: =SUM(C10,E10,G10,I10)
A11: ИТОГО | B11: =SUM(B2:B10) | C11: =SUM(C2:C10) | D11: =SUM(D2:D10) | E11: =SUM(E2:E10) | F11: =SUM(F2:F10) | G11: =SUM(G2:G10) | H11: =SUM(H2:H10) | I11: =SUM(I2:I10) | ... K11: =SUM(K2:K10)

Sheet Сверка со скриншотом
A1: Месяц | B1: Расчёт BU: все | C1: Скриншот: все | D1: Разница | E1: Расчёт BU: вход+марк | F1: Скриншот: вход+марк | G1: Разница
A2: ЯНВАРЬ | B2: ='Расчёт BU'!J2 | C2: 90 | D2: =B2-C2 | E2: ='Расчёт BU'!K2 | F2: 47 | G2: =E2-F2
A3: ФЕВРАЛЬ | B3: ='Расчёт BU'!J3 | C3: 120 | D3: =B3-C3 | E3: ='Расчёт BU'!K3 | F3: 59 | G3: =E3-F3
A4: МАРТ | B4: ='Расчёт BU'!J4 | C4: 154 | D4: =B4-C4 | E4: ='Расчёт BU'!K4 | F4: 100 | G4: =E4-F4
A5: АПРЕЛЬ | B5: ='Расчёт BU'!J5 | C5: 110 | D5: =B5-C5 | E5: ='Расчёт BU'!K5 | F5: 81 | G5: =E5-F5
A6: МАЙ | B6: ='Расчёт BU'!J6 | C6: 138 | D6: =B6-C6 | E6: ='Расчёт BU'!K6 | F6: 92 | G6: =E6-F6
A7: ИЮНЬ | B7: ='Расчёт BU'!J7 | C7: 176 | D7: =B7-C7 | E7: ='Расчёт BU'!K7 | F7: 134 | G7: =E7-F7
A8: ИЮЛЬ | B8: ='Расчёт BU'!J8 | C8: 212 | D8: =B8-C8 | E8: ='Расчёт BU'!K8 | F8: 145 | G8: =E8-F8
A9: АВГУСТ | B9: ='Расчёт BU'!J9 | C9: 149 | D9: =B9-C9 | E9: ='Расчёт BU'!K9 | F9: 95 | G9: =E9-F9
A10: СЕНТЯБРЬ | B10: ='Расчёт BU'!J10 | C10: 185 | D10: =B10-C10 | E10: ='Расчёт BU'!K10 | F10: 145 | G10: =E10-F10
A11: III квартал | B11: =SUM(B8:B10) | C11: =SUM(C8:C10) | D11: =B11-C11 | E11: =SUM(E8:E10) | F11: =SUM(F8:F10) | G11: =E11-F11
A12: Карточка и BU-кольцо на втором скриншоте: 374 входящих+маркетинговых лида; оранжевая линия июля–сентября даёт 385.

Sheet Поправка и методика
A1: Поле | B1: Значение
A2: Статус | B2: Согласованный расчёт. Контроль — помесячные линии второго скриншота. Значения не являются фактическими количествами CRM.
A3: Метод расчёта | B3: Все источники: контрольный итог распределён пропорционально исходным долям четырёх BU в одноимённом месячном листе. Июль: Trade фиксирован 6, остаток распределён между тремя другими BU. Входящие+маркетинг: отдельное пропорциональное распределение по долям этой категории с ограничением не выше общего числа лидов BU. Округление методом наибольших остатков, порядок при равенстве: HR Service, IT, Trade, Industrial. Все исходные нулевые доли сохраняются.
A4: Ручная поправка | B4: Trade, июль, все источники: 58 → 6. Входящие+маркетинг: 4, без изменения.
A5: Правило 1 | B5: Подсчёт по одноимённым помесячным листам; своды и листы сделок не суммируются с лидами.
A6: Правило 2 | B6: Единица подсчёта — непустая строка с названием лида; дедупликация без идентификаторов не выполнялась.
A7: Правило 3 | B7: Месяц определяется названием листа; в марте есть 7 дат апреля, в июле 19 строк без даты.
A8: Правило 4 | B8: Включены только HR Service, IT, Trade, Industrial. GO отдельно и не входит в четыре BU.
A9: Правило 5 | B9: Входящие + маркетинг: точные значения Источник после удаления пробелов: Входящий запрос / Маркетинговая активность.
A10: Правило 6 | B10: Единственная ручная поправка: Trade, июль, все источники — 58 → 6; входящие + маркетинг остаются 4.
A11: Правило 7 | B11: Общий график на скриншоте: июль входящие + маркетинг 145, но исходный Excel даёт 134; карточка и кольцо за III квартал 374 совпадают с Excel.
A12: Без произвольного распределения | B12: Контрольный общий итог распределён по долям CRM. В июле Trade фиксирован 6; остальные три BU получили остаток до контрольного значения 212.

Sheet Графики BU

Sheet Доли CRM — основа
A1: Месяц | B1: BU | C1: Все: исходный Excel | D1: Все: после поправки | E1: Вход+марк: Excel | F1: Доля для всех, % | G1: Доля вход+марк, % | H1: Расчёт всех до округления | I1: Расчёт вход+марк до округления
A2: ЯНВАРЬ | B2: HR Service | C2: 60 | D2: 60 | E2: 36 | F2: 75.949367 | G2: 67.924528 | H2: 68.35443 | I2: 31.924528
A3: ЯНВАРЬ | B3: IT | C3: 12 | D3: 12 | E3: 11 | F3: 15.189873 | G3: 20.754717 | H3: 13.670886 | I3: 9.754717
A4: ЯНВАРЬ | B4: Trade | C4: 4 | D4: 4 | E4: 3 | F4: 5.0632911 | G4: 5.6603774 | H4: 4.556962 | I4: 2.6603774
A5: ЯНВАРЬ | B5: Industrial | C5: 3 | D5: 3 | E5: 3 | F5: 3.7974684 | G5: 5.6603774 | H5: 3.4177215 | I5: 2.6603774
A6: ФЕВРАЛЬ | B6: HR Service | C6: 84 | D6: 84 | E6: 56 | F6: 85.714286 | G6: 87.5 | H6: 102.85714 | I6: 51.625
A7: ФЕВРАЛЬ | B7: IT | C7: 5 | D7: 5 | E7: 4 | F7: 5.1020408 | G7: 6.25 | H7: 6.122449 | I7: 3.6875
A8: ФЕВРАЛЬ | B8: Trade | C8: 6 | D8: 6 | E8: 2 | F8: 6.122449 | G8: 3.125 | H8: 7.3469388 | I8: 1.84375
A9: ФЕВРАЛЬ | B9: Industrial | C9: 3 | D9: 3 | E9: 2 | F9: 3.0612245 | G9: 3.125 | H9: 3.6734694 | I9: 1.84375
A10: МАРТ | B10: HR Service | C10: 96 | D10: 96 | E10: 75 | F10: 67.605634 | G10: 68.181818 | H10: 104.11268 | I10: 68.181818
A11: МАРТ | B11: IT | C11: 42 | D11: 42 | E11: 35 | F11: 29.577465 | G11: 31.818182 | H11: 45.549296 | I11: 31.818182
A12: МАРТ | B12: Trade | C12: 3 | D12: 3 | E12: 0 | F12: 2.1126761 | G12: 0 | H12: 3.2535211 | I12: 0
A13: МАРТ | B13: Industrial | C13: 1 | D13: 1 | E13: 0 | F13: 0.70422535 | G13: 0 | H13: 1.084507 | I13: 0
... A37: СЕНТЯБРЬ | B37: Industrial | C37: 2 | D37: 2 | E37: 0 | F37: 1.0928962 | G37: 0 | H37: 2.0218579 | I37: 0

Sheet Расхождение III квартала
A1: BU | B1: Расчёт по месячным линиям | C1: Кольцо BU на скриншоте | D1: Разница
A2: HR Service | B2: 325 | C2: 315 | D2: =B2-C2
A3: IT | B3: 40 | C3: 39 | D3: =B3-C3
A4: Trade | B4: 9 | C4: 9 | D4: =B4-C4
A5: Industrial | B5: 11 | C5: 11 | D5: =B5-C5
A6: ИТОГО | B6: =SUM(B2:B5) | C6: =SUM(C2:C5) | D6: =B6-C6
A7: Причина | B7: Оранжевая линия: июль 145 + август 95 + сентябрь 145 = 385. Карточка и кольцо дают 374. Одновременно выполнить оба условия невозможно.
